{
  "_comment": "Baseline from run 20260622-220119. gateway_sha bdcc4ed08008fcb7c37e6af9b2074831f4f5abd8 is the measured gateway commit for every lane in this run.",
  "gateway_sha": "bdcc4ed08008fcb7c37e6af9b2074831f4f5abd8",
  "host": {
    "cpu_model": "Intel(R) Core(TM) i7-10700K CPU @ 3.80GHz",
    "nproc": 16,
    "mem_total_kb": 32824968
  },
  "footprint": {
    "footprint.uss_kib_median": 54248.0,
    "footprint.cpu_cores_median": 0.24552932830433832,
    "footprint.num_threads_median": 31.0
  },
  "scaling": {
    "scaling.exponent": 0.2930011978650536,
    "scaling.ci_lo": 0.03479966730245926,
    "scaling.ci_hi": 0.551202728427648
  }
}
